{
  "inbound": [
    {
      "localPort": 10808,
      "protocol": "socks",
      "udpEnabled": true,
      "sniffingEnabled": true
    }
  ],
  "logEnabled": false,
  "loglevel": "warning",
  "index": 0,
  "vmess": [
    {
      "configVersion": 2,
      "address": "hk-tx-v2ray-01.zuhaohao.com",
      "port": 443,
      "id": "2a9577ef-a6b5-4c35-bb31-e74ad905f814",
      "alterId": 233,
      "security": "auto",
      "network": "ws",
      "remarks": "hk-tx-v2ray-01",
      "headerType": "none",
      "requestHost": "hk-tx-v2ray-01.zuhaohao.com",
      "path": "/",
      "streamSecurity": "tls",
      "allowInsecure": "False",
      "configType": 1,
      "testResult": "",
      "subid": "",
      "flow": ""
    }
  ],
  "muxEnabled": true,
  "domainStrategy": "IPIfNonMatch",
  "routingMode": "3",
  "useragent": [
    "geosite:google",
    "\ngeosite:github",
    "\ngeosite:netflix",
    "\ngeosite:steam",
    "\ngeosite:telegram",
    "\ngeosite:tumblr",
    "\ngeosite:speedtest",
    "\ngeosite:bbc",
    "\ndomain:gvt1.com",
    "\ndomain:textnow.com",
    "\ndomain:twitch.tv",
    "\ndomain:wikileaks.org",
    "\ndomain:naver.com",
    "\n91.108.4.0/22",
    "\n91.108.8.0/22",
    "\n91.108.12.0/22",
    "\n91.108.20.0/22",
    "\n91.108.36.0/23",
    "\n91.108.38.0/23",
    "\n91.108.56.0/22",
    "\n149.154.160.0/20",
    "\n149.154.164.0/22",
    "\n149.154.172.0/22",
    "\n74.125.0.0/16",
    "\n173.194.0.0/16",
    "\n172.217.0.0/16",
    "\n216.58.200.0/24",
    "\n216.58.220.0/24",
    "\n91.108.56.116",
    "\n91.108.56.0/24",
    "\n109.239.140.0/24",
    "\n149.154.167.0/24",
    "\n149.154.175.0/24"
  ],
  "userdirect": [
    "domain:12306.com",
    "\ndomain:51ym.me",
    "\ndomain:52pojie.cn",
    "\ndomain:8686c.com",
    "\ndomain:abercrombie.com",
    "\ndomain:adobesc.com",
    "\ndomain:air-matters.com",
    "\ndomain:air-matters.io",
    "\ndomain:airtable.com",
    "\ndomain:akadns.net",
    "\ndomain:apache.org",
    "\ndomain:api.crisp.chat",
    "\ndomain:api.termius.com",
    "\ndomain:appshike.com",
    "\ndomain:appstore.com",
    "\ndomain:aweme.snssdk.com",
    "\ndomain:bababian.com",
    "\ndomain:battle.net",
    "\ndomain:beatsbydre.com",
    "\ndomain:bet365.com",
    "\ndomain:bilibili.cn",
    "\ndomain:ccgslb.com",
    "\ndomain:ccgslb.net",
    "\ndomain:chunbo.com",
    "\ndomain:chunboimg.com",
    "\ndomain:clashroyaleapp.com",
    "\ndomain:cloudsigma.com",
    "\ndomain:cloudxns.net",
    "\ndomain:cmfu.com",
    "\ndomain:culturedcode.com",
    "\ndomain:dct-cloud.com",
    "\ndomain:didialift.com",
    "\ndomain:douyutv.com",
    "\ndomain:duokan.com",
    "\ndomain:dytt8.net",
    "\ndomain:easou.com",
    "\ndomain:ecitic.net",
    "\ndomain:eclipse.org",
    "\ndomain:eudic.net",
    "\ndomain:ewqcxz.com",
    "\ndomain:fir.im",
    "\ndomain:frdic.com",
    "\ndomain:fresh-ideas.cc",
    "\ndomain:godic.net",
    "\ndomain:goodread.com",
    "\ndomain:haibian.com",
    "\ndomain:hdslb.net",
    "\ndomain:hollisterco.com",
    "\ndomain:hongxiu.com",
    "\ndomain:hxcdn.net",
    "\ndomain:images.unsplash.com",
    "\ndomain:img4me.com",
    "\ndomain:ipify.org",
    "\ndomain:ixdzs.com",
    "\ndomain:jd.hk",
    "\ndomain:jianshuapi.com",
    "\ndomain:jomodns.com",
    "\ndomain:jsboxbbs.com",
    "\ndomain:knewone.com",
    "\ndomain:kuaidi100.com",
    "\ndomain:lemicp.com",
    "\ndomain:letvcloud.com",
    "\ndomain:lizhi.io",
    "\ndomain:localizecdn.com",
    "\ndomain:lucifr.com",
    "\ndomain:luoo.net",
    "\ndomain:mai.tn",
    "\ndomain:maven.org",
    "\ndomain:miwifi.com",
    "\ndomain:moji.com",
    "\ndomain:moke.com",
    "\ndomain:mtalk.google.com",
    "\ndomain:mxhichina.com",
    "\ndomain:myqcloud.com",
    "\ndomain:myunlu.com",
    "\ndomain:netease.com",
    "\ndomain:nfoservers.com",
    "\ndomain:nssurge.com",
    "\ndomain:nuomi.com",
    "\ndomain:ourdvs.com",
    "\ndomain:overcast.fm",
    "\ndomain:paypal.com",
    "\ndomain:paypalobjects.com",
    "\ndomain:pgyer.com",
    "\ndomain:qdaily.com",
    "\ndomain:qdmm.com",
    "\ndomain:qin.io",
    "\ndomain:qingmang.me",
    "\ndomain:qingmang.mobi",
    "\ndomain:qqurl.com",
    "\ndomain:rarbg.to",
    "\ndomain:rrmj.tv",
    "\ndomain:ruguoapp.com",
    "\ndomain:sm.ms",
    "\ndomain:snwx.com",
    "\ndomain:soku.com",
    "\ndomain:startssl.com",
    "\ndomain:store.steampowered.com",
    "\ndomain:symcd.com",
    "\ndomain:teamviewer.com",
    "\ndomain:tmzvps.com",
    "\ndomain:trello.com",
    "\ndomain:trellocdn.com",
    "\ndomain:ttmeiju.com",
    "\ndomain:udache.com",
    "\ndomain:uxengine.net",
    "\ndomain:weather.bjango.com",
    "\ndomain:weather.com",
    "\ndomain:webqxs.com",
    "\ndomain:weico.cc",
    "\ndomain:wenku8.net",
    "\ndomain:werewolf.53site.com",
    "\ndomain:windowsupdate.com",
    "\ndomain:wkcdn.com",
    "\ndomain:workflowy.com",
    "\ndomain:xdrig.com",
    "\ndomain:xiaojukeji.com",
    "\ndomain:xiaomi.net",
    "\ndomain:xiaomicp.com",
    "\ndomain:ximalaya.com",
    "\ndomain:xitek.com",
    "\ndomain:xmcdn.com",
    "\ndomain:xslb.net",
    "\ndomain:xteko.com",
    "\ndomain:yach.me",
    "\ndomain:yixia.com",
    "\ndomain:yunjiasu-cdn.net",
    "\ndomain:zealer.com",
    "\ndomain:zgslb.net",
    "\ndomain:zimuzu.tv",
    "\ndomain:zmz002.com",
    "\ndomain:samsungdm.com"
  ],
  "userblock": [
    "geosite:category-ads-all"
  ],
  "kcpItem": {
    "mtu": 1350,
    "tti": 50,
    "uplinkCapacity": 12,
    "downlinkCapacity": 100,
    "congestion": false,
    "readBufferSize": 2,
    "writeBufferSize": 2
  },
  "listenerType": 1,
  "speedTestUrl": "http://cachefly.cachefly.net/10mb.test",
  "speedPingTestUrl": "https://www.google.com/generate_204",
  "urlGFWList": "https://raw.githubusercontent.com/gfwlist/gfwlist/master/gfwlist.txt",
  "allowLANConn": false,
  "enableStatistics": false,
  "keepOlderDedupl": false,
  "statisticsFreshRate": 2000,
  "remoteDNS": "",
  "defAllowInsecure": false,
  "subItem": [
    {
      "id": "9dd08cac-a29d-46d4-a421-2a608de51d5d",
      "remarks": "bityun",
      "url": "https://subscribe.bityun.org/api/v1/client/subscribe?token=493787436c71db9eb2fe78947b487d9a",
      "enabled": true
    }
  ],
  "uiItem": {
    "mainSize": "968, 632",
    "mainLvColWidth": {
      "def": 30,
      "configType": 80,
      "remarks": 476,
      "address": 266,
      "port": 50,
      "security": 90,
      "network": 70,
      "subRemarks": 50,
      "testResult": 70
    }
  },
  "userPacRule": []
}